"Gene","logFC","AveExpr","t","P.Value","adj.P.Val","B","sig","STRING_id"
"MMP3",3.97847493256197,9.47034747089567,6.55153625066986,3.93480906709455e-09,2.74202424399175e-07,10.640726520355,"Up","9606.ENSP00000299855"
"REG1A",3.78502114896436,9.79400137095664,4.61566376973528,1.35187589248449e-05,0.000138768266932568,2.85595524747782,"Up","9606.ENSP00000233735"
"CXCL11",3.50852192072565,7.44363649328339,5.99258738080794,4.63220599734461e-08,1.69839984271921e-06,8.27237320322124,"Up","9606.ENSP00000306884"
"FOXQ1",3.45773701304623,8.39406049694838,7.35823659991031,1.00707020633564e-10,1.89896204705592e-08,14.1689975882143,"Up","9606.ENSP00000296839"
"MMP7",3.2435654968397,8.28245531558814,6.41602907606171,7.20050414080786e-09,4.30858966441567e-07,10.0597999790428,"Up","9606.ENSP00000260227"
"REG1B",3.21509820972506,8.50175889593044,3.62678010717849,0.000484560125651144,0.00258083186790553,-0.503876815871334,"Up","9606.ENSP00000303206"
"MMP1",3.13264149084247,9.50937043127368,5.85897485058819,8.25631867305037e-08,2.66183239518071e-06,7.71819437522426,"Up","9606.ENSP00000322788"
"TCN1",3.13074785677308,7.15253469813405,5.44468125116549,4.79381944846198e-07,9.96927846191274e-06,6.03455501292937,"Up","9606.ENSP00000257264"
"CXCL5",2.9105882297001,6.49713415221897,4.63987227558167,1.23110321223694e-05,0.000128666627756799,2.94460039956924,"Up","9606.ENSP00000296027"
"SLC6A14",2.59062705051782,7.99769691572021,4.85899989886566,5.21718228502815e-06,6.41061886139508e-05,3.75919121900019,"Up","9606.ENSP00000470801"
"CXCL3",2.57009116411042,9.34690581252489,6.01825401745972,4.14317466942073e-08,1.5598774564955e-06,8.3794033277612,"Up","9606.ENSP00000296026"
"HCAR2",2.54886326869497,7.70754899042247,5.03467537229974,2.58419926293164e-06,3.64467927472803e-05,4.42739295538872,"Up","9606.ENSP00000375066"
"HCAR3",2.54886326869497,7.70754899042247,5.03467537229974,2.58419926293164e-06,3.64467927472803e-05,4.42739295538872,"Up","9606.ENSP00000436714"
"CXCL8",2.52086524994747,9.21479195902903,4.83926563793651,5.64122736515228e-06,6.82390840143677e-05,3.68495227821233,"Up","9606.ENSP00000306512"
"CDH3",2.44385811791576,7.50778195920007,6.305546798993,1.1750743222075e-08,6.14626869837157e-07,9.58918894918352,"Up","9606.ENSP00000264012"
"EPHX4",2.41831208271851,4.78544277637444,7.88045511792667,8.96681727057554e-12,5.03016031836111e-09,16.4995359314901,"Up","9606.ENSP00000359410"
"UBD",2.40899243917557,10.322476773409,4.97951562586668,3.22624602789847e-06,4.35582037424872e-05,4.21619172669246,"Up","9606.ENSP00000366249"
"INHBA",2.38770353747076,5.77664081038246,8.24283265153829,1.6515173994005e-12,1.48233595700591e-09,18.1299667189047,"Up","9606.ENSP00000242208"
"CHI3L1",2.38443480860008,7.83791084708839,4.38265975257788,3.28275165918609e-05,0.00028266179769945,2.01720180618331,"Up","9606.ENSP00000255409"
"KRT80",2.33522655202014,5.4337113548172,11.2233146982819,1.47027392586355e-18,3.29914766224522e-14,31.5233377045443,"Up","9606.ENSP00000378292"
"C2CD4A",2.31850177043451,7.49918396681684,5.83400742151577,9.19288777560455e-08,2.90078046798418e-06,7.61520943680815,"Up","9606.ENSP00000347712"
"SPP1",2.31409273362715,8.32647508263715,4.82029695524622,6.08035599366831e-06,7.24573065012869e-05,3.61375391645,"Up","9606.ENSP00000378517"
"COL10A1",2.27931638895363,5.01235926740008,7.26034703933324,1.57943067659103e-10,2.54970107568533e-08,13.7355107753123,"Up","9606.ENSP00000327368"
"CLDN2",2.24981745962852,6.88894672910351,6.97495536816819,5.82146071597909e-10,6.81370007749755e-08,12.4793405694936,"Up","9606.ENSP00000441283"
"CXCL1",2.19493959602232,9.88372353449599,5.04861939573986,2.44277191137288e-06,3.48242432778247e-05,4.4809809150697,"Up","9606.ENSP00000379110"
"CTHRC1",2.1521003164526,8.65750575028844,5.1853371114083,1.40130889952594e-06,2.28020089894579e-05,5.01051937884183,"Up","9606.ENSP00000330523"
"STYXL2",2.10131209340648,4.66116655429077,5.05077507371483,2.42159350467451e-06,3.46102781219053e-05,4.48927241086958,"Up","9606.ENSP00000354483"
"TREM1",2.07568474505345,6.47213460901776,5.42748762102961,5.1508236405425e-07,1.04822320161303e-05,5.96591061188068,"Up","9606.ENSP00000244709"
"IL1B",2.07107906189623,9.23959863226687,5.5923322628117,2.57673309441008e-07,6.29525658652278e-06,6.62821988057731,"Up","9606.ENSP00000263341"
"TESC",2.07061500365093,7.25042599325903,7.66257471885277,2.4678977543075e-11,7.6502902738226e-09,15.5239068636796,"Up","9606.ENSP00000334785"
"CXCL10",2.06776889264463,8.83633427629666,4.8578471262444,5.24107499840575e-06,6.42998807486203e-05,3.75484990365636,"Up","9606.ENSP00000305651"
"CXCL9",2.06200866553331,8.99961984352381,4.37588547401111,3.36725960676891e-05,0.000288389077543082,1.9932187584909,"Up","9606.ENSP00000354901"
"DPEP1",2.04651355034679,6.90497778258664,6.17320637197168,2.10498944562238e-08,9.50796011973308e-07,9.02929744310095,"Up","9606.ENSP00000376807"
"KRT23",2.04284906028641,5.3729099438507,5.53175825721993,3.3269532608277e-07,7.56367823907931e-06,6.38377538918423,"Up","9606.ENSP00000209718"
"DUSP4",2.02551663619142,6.9975969020654,7.08269098556051,3.56264627535681e-10,4.67498361244044e-08,12.9521223427706,"Up","9606.ENSP00000240100"
"LCN2",2.0176273049776,12.105954223263,5.42132844697878,5.28495230946441e-07,1.07029823891762e-05,5.941345789095,"Up","9606.ENSP00000362108"
"MMP10",1.95767044682882,6.75285282178763,3.96343621651167,0.000151642970755274,0.000995237385427785,0.578812464598605,"Up","9606.ENSP00000279441"
"GDF15",1.95408076762206,8.68503042581423,5.61152686231571,2.37573767126254e-07,5.93072964707317e-06,6.70593237819939,"Up","9606.ENSP00000252809"
"REG4",1.92768399433661,9.12976521174743,4.48278904723809,2.24898805747464e-05,0.000207589646325271,2.37438033238488,"Up","9606.ENSP00000346158"
"EGFL6",1.9206747470887,6.27539303709312,4.61665948028679,1.34668924350873e-05,0.000138362453915258,2.85959584418922,"Up","9606.ENSP00000369976"
"CYP4X1",1.90233254646492,5.99402169620152,6.43463105351684,6.62880998244916e-09,4.06404008732723e-07,10.1393105010239,"Up","9606.ENSP00000360968"
"CLDN1",1.90151056611135,6.54830217442425,6.19274812722938,1.93186911952337e-08,8.91959077633435e-07,9.11170016062702,"Up","9606.ENSP00000295522"
"COL11A1",1.89370370624555,4.44125545709619,7.45091362511995,6.56982785882194e-11,1.4884218693821e-08,14.5804985229247,"Up","9606.ENSP00000359114"
"CA9",1.89040483196066,6.05664711971436,6.37080955359044,8.80161816081866e-09,4.96229924398517e-07,9.86684285139009,"Up","9606.ENSP00000367608"
"PROK2",1.88508726914206,5.82774578535615,3.72298267580684,0.000349926202139456,0.00196431862421746,-0.201472666812544,"Up","9606.ENSP00000295619"
"OLR1",1.87263892399885,4.57630651567727,6.79095479476344,1.34084422212569e-09,1.25887880754303e-07,11.6763057375619,"Up","9606.ENSP00000309124"
"DUOX2",1.85302596793968,9.4678367741311,3.59512745955275,0.000538712645063783,0.00281841292669299,-0.602112879802934,"Up","9606.ENSP00000475084"
"GZMB",1.81856522424592,7.70447080787699,4.71375196807918,9.2379379628408e-06,0.00010186245206299,3.21681353968393,"Up","9606.ENSP00000216341"
"OSM",1.79599450888505,5.87070010017652,5.85011360588337,8.57743295964009e-08,2.74955740259091e-06,7.68162272895325,"Up","9606.ENSP00000215781"
"SLCO4A1",1.76336111935647,8.0180099607546,6.89681386793172,8.30259080596146e-10,8.91559297895114e-08,12.1375984392523,"Up","9606.ENSP00000217159"
"TIMP1",1.74975556537805,11.6670104351566,7.38088830311232,9.07319878823036e-11,1.80171245671771e-08,14.2694793041033,"Up","9606.ENSP00000218388"
"S100A2",1.74471965129496,6.79104650485794,6.71648640667381,1.8763031073729e-09,1.61311744928508e-07,11.3530139707146,"Up","9606.ENSP00000357697"
"S100P",1.72705619334954,12.5736055258648,6.46751434767535,5.72594485063312e-09,3.63978686978347e-07,10.2800511117684,"Up","9606.ENSP00000296370"
"CEMIP",1.72618569883691,6.61113922462488,6.1139045129229,2.72965947924347e-08,1.16005358058228e-06,8.77983245366119,"Up","9606.ENSP00000378177"
"PCSK9",1.72133789712107,6.90696529371859,7.34841100946223,1.05366042085339e-10,1.92549999861674e-08,14.125431532564,"Up","9606.ENSP00000303208"
"SLC7A5",1.71116410533781,7.88082579374064,7.33313630622365,1.13037827455447e-10,1.98160610177561e-08,14.0577284401412,"Up","9606.ENSP00000261622"
"FAP",1.69248705424579,6.62354360161531,5.61604213226677,2.3307421766976e-07,5.87370209243335e-06,6.72423069722613,"Up","9606.ENSP00000188790"
"SMKR1",1.66020879216136,4.81796266329372,8.60933349924533,2.96279722773637e-13,6.32002946447681e-10,19.7855354855165,"Up","9606.ENSP00000454370"
"PTGS2",1.64256376728979,7.12601775785514,4.14793262227555,7.81780952710642e-05,0.000575726379976177,1.2001067403544,"Up","9606.ENSP00000356438"
"CCL3",1.63269293022719,7.50961983479659,5.09321205097117,2.03937911862039e-06,3.0410187744335e-05,4.65288212795142,"Up","9606.ENSP00000477908"
"CCL3L3",1.63269293022719,7.50961983479659,5.09321205097117,2.03937911862039e-06,3.0410187744335e-05,4.65288212795142,"Up","9606.ENSP00000480558"
"VSNL1",1.62378344230653,7.34261370812864,5.61127630250959,2.37825939056949e-07,5.93072964707317e-06,6.70491716891667,"Up","9606.ENSP00000384719"
"CXCL6",1.60847283595713,7.06731503971956,3.22889698649212,0.00175731904947848,0.0074980951038691,-1.69143252910504,"Up","9606.ENSP00000226317"
"IL1A",1.60232335619795,5.6422875585149,4.935736969718,3.84428734188209e-06,5.01231630822151e-05,4.04946816329184,"Up","9606.ENSP00000263339"
"CLEC5A",1.59163935083158,4.57637508052654,6.24164324487002,1.55791973985784e-08,7.53408643160994e-07,9.31829660022482,"Up","9606.ENSP00000449999"
"KLK6",1.58903034870618,5.86038372396512,4.90871149208994,4.28193439607797e-06,5.47477640533297e-05,3.94695005801687,"Up","9606.ENSP00000366047"
"BMAL2",1.58575690676936,6.74945190326412,7.3721600724821,9.44536028227771e-11,1.84299512499156e-08,14.230753883894,"Up","9606.ENSP00000266503"
"MSX2",1.57373822423511,4.81399816359867,8.50180306058365,4.90752919918129e-13,6.88250298127681e-10,19.2993208035756,"Up","9606.ENSP00000239243"
"BCL2A1",1.56540714765614,8.58605384871087,3.79717663461866,0.00027126618551915,0.00159678434860026,0.0356219380811371,"Up","9606.ENSP00000267953"
"AQP9",1.55009625275564,7.86486658029104,4.12048815237528,8.63714093781803e-05,0.000623661256419394,1.10649019389712,"Up","9606.ENSP00000219919"
"PLEKHS1",1.54854337955519,4.89863138262672,6.2193657309028,1.71848353335675e-08,8.15244228435353e-07,9.22409397140344,"Up","9606.ENSP00000358316"
"TMPRSS3",1.52745807695836,5.65863470686068,6.83811402169706,1.08329332875252e-09,1.08035640017234e-07,11.8815634301364,"Up","9606.ENSP00000291532"
"ZIC2",1.52275575691206,4.12727264370194,4.45439742436553,2.50476273013012e-05,0.000226972316928052,2.27259484826716,"Up","9606.ENSP00000365514"
"SULF1",1.51291276133329,8.38451526178303,5.94994250704437,5.57348897153465e-08,1.98198920811832e-06,8.09494682374808,"Up","9606.ENSP00000260128"
"IDO1",1.50580030637185,9.06297828787055,3.59260799912887,0.000543261029505813,0.00283757780285869,-0.609905063819887,"Up","9606.ENSP00000430950"
"SERPINB2",1.49735720311107,4.40701844025329,5.73078886392368,1.43070564801319e-07,3.99298557658804e-06,7.1914414038694,"Up","9606.ENSP00000401645"
"RNF183",1.49520801598085,6.62119418333529,5.12222496067739,1.81269075192338e-06,2.79169305301365e-05,4.76515218411032,"Up","9606.ENSP00000419454"
"THBS2",1.49291792662582,7.44659612190217,3.85548049279314,0.000221598587011688,0.00135286167429371,0.224257752975857,"Up","9606.ENSP00000355751"
"DDIT4",1.48521415840458,10.4249857197285,6.81935195132033,1.17928702123799e-09,1.15052267258953e-07,11.7998549702427,"Up","9606.ENSP00000307305"
"SLC28A3",1.4802953632396,5.4767672637762,6.46243758333618,5.85694173625575e-09,3.69168302302929e-07,10.2583070459389,"Up","9606.ENSP00000365413"
"TNFRSF6B",1.47508249717972,8.50597114245389,5.11325848238048,1.87998263592289e-06,2.8764569200006e-05,4.73041927062228,"Up","9606.ENSP00000359013"
"GPR84",1.47235538027949,5.17209138539135,5.90941567147559,6.64169827279535e-08,2.29518380027718e-06,7.92680698334937,"Up","9606.ENSP00000450310"
"HS6ST2",1.4672678234463,5.23669247526369,5.86540518090953,8.03073850417782e-08,2.61540988817483e-06,7.74474771067818,"Up","9606.ENSP00000429473"
"PI3",1.45478807450606,10.5679335906642,3.45980647260115,0.000841748609227728,0.00407595965525701,-1.01489247779654,"Up","9606.ENSP00000243924"
"ANOS1",1.44970728061293,6.50506285643213,5.65003218362861,2.01787258638038e-07,5.24670254528266e-06,6.86218908284223,"Up","9606.ENSP00000262648"
"FCGR3B",1.41967646940653,7.89849821129331,3.78067768624254,0.000287145207377222,0.00167183479718149,-0.0173899060212035,"Up","9606.ENSP00000433642"
"FCGR3A",1.41560173081515,7.29614691678381,3.78886039502038,0.000279162319909674,0.00163340894301256,0.0088810459652704,"Up","9606.ENSP00000356946"
"MMP12",1.41048811640638,11.7220718739299,4.18727406617949,6.77248213897987e-05,0.000513925352440207,1.33501951269541,"Up","9606.ENSP00000458585"
"PSAT1",1.40111438952748,7.65471627859245,6.32896725079791,1.05943617408828e-08,5.72835862900406e-07,9.68871442027089,"Up","9606.ENSP00000365773"
"IFI6",1.39407786149343,9.3784270702101,5.40813781281986,5.58383319737797e-07,1.11971075170656e-05,5.88878222297116,"Up","9606.ENSP00000342513"
"DMBT1",1.39298718223334,10.6590361446192,2.8719636807095,0.00513028332099549,0.0182005418877182,-2.66426021505959,"Up","9606.ENSP00000357905"
"RASSF10",1.39235948607614,5.34364869532483,5.2000710570592,1.31930221778034e-06,2.17196056234579e-05,5.06802481218566,"Up","9606.ENSP00000485526"
"CCL4",1.37945233137117,8.28112237786154,4.77711435598696,7.20775598307598e-06,8.32826140598568e-05,3.45226173392675,"Up","9606.ENSP00000482259"
"EVA1A",1.37419850324093,5.56658895052518,6.56580750236119,3.69137946615201e-09,2.63792560003137e-07,10.7021358364442,"Up","9606.ENSP00000233712"
"ANLN",1.3684226493888,7.94575300572781,5.72826804006117,1.4461883882429e-07,4.02119222351704e-06,7.18113281377561,"Up","9606.ENSP00000265748"
"GABRP",1.35493852221566,5.10231700250374,4.21375091595756,6.14617655755516e-05,0.00047479431679264,1.42628539961286,"Up","9606.ENSP00000430100"
"SELE",1.35475991499489,5.50038875685356,3.01341942791018,0.00338884420134411,0.0129279624335193,-2.28966494231471,"Up","9606.ENSP00000331736"
"TGFBI",1.35354561257503,11.5496056216317,6.95676017901693,6.32370118693643e-10,7.23966994559523e-08,12.3996759126186,"Up","9606.ENSP00000416330"
"LRP8",1.35061442525963,7.2102446211899,8.14488482015765,2.61120251411069e-12,2.09259904336178e-09,17.6884844319409,"Up","9606.ENSP00000303634"
